pkt_rate,bytes_per_sec,num_flows,avg_burst_norm,max_burst_norm,std_burst,mean_inter_pkt,std_inter_pkt,downlink_ratio,pkt_size_bin_0,pkt_size_bin_1,pkt_size_bin_2,pkt_size_bin_3,pkt_size_bin_4,label,genre
1.64696522512955,598.417328345252,10,8.1913745870669,21.8583850167014,10.955899576812,0.618421386789393,2.63433007296683,0.633757005604484,0.685185185185185,0.0925925925925925,0.037037037037037,0.185185185185185,0,music,psychedelic_rock
1.98081893876595,785.033718853354,10,10.1723243432,28.2711351875947,15.9647999120014,0.509604357323557,3.06356574626453,0.630594727161251,0.663551401869159,0.0654205607476635,0.0467289719626168,0.224299065420561,0,music,psychedelic_rock
1.64410173065429,758.12151832214,8,8.81499809468651,22.5046901357347,10.4057163615615,0.617179498952978,2.79764491742921,0.749410692397146,0.652173913043478,0.0144927536231884,0.0434782608695652,0.289855072463768,0,music,psychedelic_rock
2.43799514137222,945.062837916191,10,8.40518626593929,24.2002122968924,16.1175222344408,0.413562950023935,2.71282561755255,0.669436691195128,0.710743801652893,0.0743801652892562,0.0330578512396694,0.173553719008264,0.0082644628099173,music,psychedelic_rock
1.20855424632389,156.421449595635,8,2.18679231891827,4.96460958889553,1.54027561806056,0.891083772365864,1.76791439802933,0.464128035320088,0.714285714285714,0.285714285714286,0,0,0,music,psychedelic_rock
3.23536054622201,1502.79556135152,12,10.9753118398367,24.7267650257457,23.1148956779791,0.310969224790247,3.1617991959575,0.631724533865686,0.631901840490798,0.0736196319018405,0.0490797546012269,0.245398773006135,0,music,psychedelic_rock
3.24794974625121,1361.47833884613,12,4.15810594499624,10.7760287979816,8.28257420953425,0.309532989155163,2.00606466141321,0.663629672867548,0.634408602150538,0.0913978494623656,0.053763440860215,0.21505376344086,0.0053763440860215,music,psychedelic_rock
2.75072441847685,1242.9229188547,10,7.53812122303722,15.2687051155988,13.0518772375202,0.367140009851739,2.09872490294728,0.629065503699364,0.598039215686275,0.088235294117647,0.0490196078431372,0.264705882352941,0,music,psychedelic_rock
4.45612113078328,1788.76341254437,12,2.68651327467938,9.64964791979108,9.67555303487156,0.225700131778059,1.51738164275459,0.650723152260563,0.716763005780347,0.0520231213872832,0.0462427745664739,0.179190751445087,0.0057803468208092,music,psychedelic_rock
3.26824099443316,1642.77528355369,14,6.52368894785829,17.4405743325198,15.0893038402228,0.307875454055597,3.14881225540354,0.538825234253153,0.59375,0.0625,0.0625,0.26875,0.0125,music,psychedelic_rock
1.92733435225084,678.811747754061,10,5.60235904839709,12.9712833535104,6.63823657361322,0.525102555033672,2.85955412905174,0.56613148555011,0.678571428571429,0.0952380952380952,0.0476190476190476,0.178571428571429,0,music,psychedelic_rock
3.99707667602911,1701.85275950765,10,5.84529756564831,19.5142616271973,20.4569778350402,0.251472443649449,2.02434313499572,0.55228482643991,0.623711340206186,0.0824742268041237,0.056701030927835,0.237113402061856,0,music,psychedelic_rock
3.4069943751065,1329.1063612221,10,7.43568393256929,21.4265102793773,19.7702076648454,0.295566383775298,2.45997951745578,0.495923526060951,0.631944444444444,0.104166666666667,0.0555555555555555,0.208333333333333,0,music,psychedelic_rock
2.1777972146678,714.839250327051,10,6.23240610983016,12.3978485316038,7.30260340516008,0.464013044457687,3.39087678797434,0.648916251467742,0.708333333333333,0.0833333333333333,0.0416666666666666,0.15625,0.0104166666666666,music,psychedelic_rock
1.52939936905112,416.25949389846,8,6.92673883249518,15.0385834239423,6.69589134749811,0.664230047710358,2.94108601295213,0.682071301452437,0.78125,0.0625,0.03125,0.125,0,music,psychedelic_rock
4.54407219366507,2418.90208383644,8,6.97259667840525,21.5665587656426,26.0297807079762,0.221023738902548,1.63359817262546,0.315347331782769,0.556521739130435,0.0826086956521739,0.0347826086956521,0.326086956521739,0,music,psychedelic_rock
154.759689359855,163404.564888854,10,9.18593528569081,14.6097475986955,611.695500808073,0.0064623811775614,0.330595242833727,0.0553319572195288,0.163570931042489,0.0162526120269329,0.0304156025075458,0.789528674251219,0.0002321801718133,music,psychedelic_rock
16.2836904254837,12417.4724728608,8,8.27776054423319,22.2308328481531,115.666116972683,0.0615327466832529,0.533761642771354,0.171533272344186,0.343873517786561,0.0691699604743083,0.0691699604743083,0.517786561264822,0,music,classical
2.92459588522759,1042.17030952058,10,3.51854512024124,9.91589988431623,7.67145336100894,0.344707481260222,1.7060606646905,0.661144680562156,0.701612903225807,0.064516129032258,0.032258064516129,0.193548387096774,0.0080645161290322,music,classical
6.4750481365108,3980.18858273777,8,12.5059916131226,33.3588253625549,68.4401122970569,0.154950393746231,1.46387074484222,0.219019290964441,0.455445544554455,0.0759075907590759,0.0891089108910891,0.37953795379538,0,music,classical
22.1113186387148,19872.909260261,8,15.286664395536,36.1805649437513,254.507301862827,0.0452727183482751,0.633424912092896,0.103081182005564,0.275181723779855,0.0373831775700934,0.0342679127725856,0.653167185877466,0,music,classical
15.7228360825985,12269.7833854528,8,9.41644865536598,20.1617569714947,95.900341900756,0.0636887635154045,0.864874984906808,0.138247105409654,0.349726775956284,0.0628415300546448,0.0423497267759562,0.543715846994536,0.0013661202185792,music,classical
21.2314379070667,17679.3587209077,10,10.6435571140854,27.459280080411,177.841794960215,0.0471575452529422,0.810515960467625,0.167607800240183,0.325980392156863,0.0563725490196078,0.0392156862745098,0.57843137254902,0,music,classical
18.4050198475883,15574.9464838571,10,14.7219464551356,37.9787691503952,219.429758535479,0.0543904983177386,0.562963627465828,0.126874835266827,0.31005291005291,0.056084656084656,0.0264550264550264,0.606349206349206,0.001058201058201,music,classical
1.62348828485193,553.094740556385,8,10.4262096784003,30.7978816148711,15.6140809557528,0.623562047510971,2.37832442439563,0.604918384879725,0.634146341463415,0.158536585365854,0.048780487804878,0.158536585365854,0,music,classical
1.90539434264307,726.93867388515,8,7.49992915420453,20.4682039445446,11.7492444462285,0.533429442859087,2.57778261840704,0.648177898029932,0.645161290322581,0.0967741935483871,0.0483870967741935,0.209677419354839,0,music,classical
2.18192766401006,809.75186071997,8,9.82478711073214,23.8321374524541,14.9428258582377,0.462194321519237,2.88162078099179,0.545026379548491,0.680672268907563,0.0672268907563025,0.042016806722689,0.201680672268908,0.0084033613445378,music,classical
2.09352403147969,699.671531501883,8,10.6077345355884,26.2714920741207,14.8811118606789,0.482212668373471,4.03605889657636,0.544543555580647,0.669811320754717,0.10377358490566,0.0660377358490566,0.150943396226415,0.0094339622641509,music,classical
1.44856711220985,494.283289066271,8,10.7057079904835,24.1618076960246,12.0697352266076,0.701471836336197,4.16314809311567,0.604689026375773,0.682539682539683,0.111111111111111,0.0317460317460317,0.174603174603175,0,music,classical
2.29738232254996,867.955180886981,8,7.30169054150107,17.8463983106184,11.174846823373,0.439235080372204,2.91971097590971,0.605207935902327,0.681818181818182,0.1,0.0545454545454545,0.163636363636364,0,music,classical
1.55089691744675,547.762850595744,10,6.73042942426855,16.7644926671232,7.09479165854764,0.6521153179082,3.00271078085864,0.626487243112553,0.674157303370787,0.101123595505618,0.0337078651685393,0.179775280898876,0.0112359550561797,music,classical
1.85332506448821,922.931812958448,8,10.6302445689629,28.0576791391744,15.9170454537176,0.546670367843226,3.75869153474061,0.498422219324553,0.558441558441558,0.0909090909090909,0.0519480519480519,0.298701298701299,0,music,classical
3.67985225128365,1572.14228276125,10,7.12242168155441,21.4682532355592,22.7133290365819,0.273598680690843,1.84010983484812,0.447920291001107,0.594594594594595,0.108108108108108,0.054054054054054,0.243243243243243,0,music,classical
13.4929764458677,11642.0964201961,8,15.6514003495355,39.0573571453462,167.846480243654,0.0742227549361615,1.1678034272038,0.127427800084258,0.294205052005944,0.0460624071322436,0.050520059435364,0.609212481426449,0,music,hiphop
9.43277399298835,6794.25500803971,8,12.4062554921842,30.1077922794615,84.2908294381843,0.106258754377012,1.45398791273243,0.180314990926055,0.391203703703704,0.0856481481481481,0.0416666666666666,0.481481481481481,0,music,hiphop
20.1111399716195,18447.3674788779,8,14.2261880598904,33.0662508907221,209.472975878622,0.0497873522408029,0.692424198596088,0.0992937463230476,0.255754475703325,0.0370843989769821,0.0460358056265984,0.661125319693095,0,music,hiphop
83.3928415334756,88699.1860911804,8,13.7270373544616,27.9640309302074,784.17471971048,0.0119947902441558,0.434602200696983,0.0631847126391766,0.161867486720716,0.0164942689404528,0.0259994408722393,0.795638803466592,0,music,hiphop
3.29931092348838,1588.40033063641,10,7.25518372573693,19.70108350118,17.8690856106544,0.305011906201326,2.57881071739343,0.360688718189894,0.566037735849057,0.0817610062893081,0.0817610062893081,0.264150943396226,0.0062893081761006,music,hiphop
94.3774592339228,98734.39254218,12,12.5815409347221,30.3356333518558,775.79564302502,0.0105976344087554,0.361137566597454,0.0674062370107591,0.170905210741597,0.0208073981860216,0.0291659256624577,0.778410101369376,0.0007113640405477,music,hiphop
9.7002088457882,8123.76767304214,10,13.9131127892388,33.2982521443593,103.644189941927,0.103348290324211,1.07727087033508,0.155259639521069,0.316708229426434,0.0399002493765586,0.0448877805486284,0.598503740648379,0,music,hiphop
2.07951049460857,1068.89028381296,8,11.8195832298733,31.7382384802166,20.8627489470781,0.485998171441098,2.4553455350197,0.401609633224796,0.557894736842105,0.0947368421052631,0.0105263157894736,0.336842105263158,0,music,hiphop
3.29596049142307,1562.44890217879,8,12.6869247813177,31.8571779829391,32.5619110990713,0.305568850040436,2.89948194977298,0.422225879325564,0.588652482269504,0.0851063829787234,0.0354609929078014,0.290780141843972,0,music,hiphop
6.13445636991542,4458.70968278967,8,14.7998325949284,36.352039455955,69.853730634981,0.163579649395413,2.11305465606397,0.198025269692555,0.423611111111111,0.0486111111111111,0.0243055555555555,0.503472222222222,0,music,hiphop
2.70257103691554,957.851750350937,8,7.31423563314391,21.8310635295408,16.7205004042739,0.373235573975936,1.92159149521822,0.630603458760003,0.689655172413793,0.0862068965517241,0.0258620689655172,0.198275862068966,0,music,hiphop
5.81882255669695,4573.9794322232,8,17.6202628419001,37.8083362839101,70.6755625416413,0.172527386806905,1.97704722083988,0.11525648577609,0.361867704280156,0.0544747081712062,0.0155642023346303,0.568093385214008,0,music,hiphop
24.1466960477992,19867.1585328661,8,7.73820445811873,20.3754583660667,149.94783218629,0.0414441872490149,0.469980670469297,0.141742419883781,0.32396449704142,0.0488165680473372,0.0495562130177514,0.576923076923077,0.0007396449704142,music,hiphop
3.47920848800356,1731.04727177453,8,10.2125330097479,23.281157274504,23.1103189852576,0.290034619244662,1.92854786386645,0.471834428811994,0.558558558558559,0.09009009009009,0.054054054054054,0.297297297297297,0,music,hiphop
1.36090096372928,428.513690954256,8,7.96806695638224,17.6353758573532,6.95345855941488,0.746470935760982,3.85199094892158,0.643807066296149,0.671875,0.125,0.046875,0.15625,0,music,hiphop
2.35784596157497,837.446153155451,10,8.72971927291817,27.1434186299642,18.0613607606197,0.427353442170238,1.97391959103346,0.587398417336775,0.687022900763359,0.114503816793893,0.0305343511450381,0.16030534351145,0.0076335877862595,music,hiphop
8.87445254931884,6554.5562805074,8,12.2577059249273,32.5653890641606,90.0308591953486,0.112952583714535,1.24379765756997,0.155521734072667,0.362768496420048,0.0692124105011933,0.0739856801909307,0.494033412887828,0,music,hiphop
2.44947026048074,1338.98399921906,8,12.4865226359824,29.3941107028868,19.6902546277385,0.411597861618292,3.34559875315749,0.410339545190892,0.51219512195122,0.08130081300813,0.065040650406504,0.333333333333333,0.008130081300813,music,hiphop
4.03067085528788,1871.70008063982,12,7.85782752333388,23.3211798667908,27.3919030419846,0.248800484384423,1.47836560907887,0.468205736533139,0.581196581196581,0.105413105413105,0.0569800569800569,0.256410256410256,0,podcast,0
42.720319461941,46340.297991734,8,32.3450212167261,72.3309197805238,967.350929868939,0.0234147660752063,0.421144165918178,0.0502212360193875,0.148582880045806,0.0157457772688233,0.0157457772688233,0.819925565416547,0,podcast,0
10.9918247239188,9766.6034639752,8,15.3231477037876,47.3988635268426,159.151445414633,0.0910764605852595,0.885760267629194,0.120521774932171,0.281489594742607,0.0339539978094194,0.0416210295728368,0.64184008762322,0.0010952902519167,podcast,0
83.8517923916757,94852.2993974026,8,19.2641515914346,45.6996790492032,1002.60394541735,0.0119276314992103,0.349657530432022,0.0404401075516182,0.118792152053955,0.009656652360515,0.0110361741263028,0.860515021459227,0,podcast,0
15.7128450067491,14678.7149752077,6,17.3676183031492,50.404621165665,247.969777624086,0.0636933989229455,0.592603621716243,0.0833428704435917,0.2508038585209,0.0329581993569131,0.0329581993569131,0.683279742765273,0,podcast,0
2.62474019521161,1288.8057634088,8,6.84596857306869,28.1932665697734,19.2021737452615,0.382690937391349,1.85804989085688,0.420166545981173,0.566964285714286,0.09375,0.0669642857142857,0.272321428571429,0,podcast,0
2.40579870621906,1228.73358407631,8,7.83542997217124,29.9276908803209,18.2446016792871,0.417613839879282,2.13760109953939,0.423127596113378,0.55607476635514,0.0887850467289719,0.0327102803738317,0.317757009345794,0.0046728971962616,podcast,0
15.7084269630954,15432.8496829647,8,27.212674846798,66.5884625148921,335.664590493816,0.0637093324211339,0.77869625623942,0.0987147791353568,0.219209914794733,0.0325329202168861,0.0317583268783888,0.715724244771495,0.0007745933384972,podcast,0
1.96652410601564,751.863375420497,8,5.02112949199308,16.7808774370231,7.32346734706978,0.511901513735453,2.38527668865486,0.576526016767131,0.622516556291391,0.145695364238411,0.0132450331125827,0.211920529801325,0.0066225165562913,podcast,0
2.37150640514989,1264.12293228327,6,10.1201497697339,32.4688138445628,22.3825686962712,0.423857740787645,2.1335056714693,0.370067014147431,0.551546391752577,0.0618556701030927,0.0463917525773195,0.34020618556701,0,podcast,0
2.27839618039828,844.115324995579,6,10.8646647620608,34.6735131842567,23.3477185148818,0.44126493571907,2.1790721827893,0.557714236226382,0.666666666666667,0.129032258064516,0.021505376344086,0.182795698924731,0,podcast,0
2.59789489966467,1511.31917241587,6,8.47939284665244,25.7901118357976,20.1394931334795,0.386768798508713,2.11263834495967,0.465592181194594,0.538095238095238,0.0428571428571428,0.019047619047619,0.4,0,podcast,0
2.57745360632997,1016.81185927331,8,6.13818828146256,19.0110114415487,12.7867220152218,0.389919724464417,2.00338770736669,0.551157071694306,0.645,0.125,0.02,0.21,0,podcast,0
1.07552026905046,373.205533360509,8,8.60493827160494,29,7.56156462407687,0.94140485227108,3.30001424229783,0.715195502899634,0.703703703703704,0.0740740740740741,0.037037037037037,0.185185185185185,0,podcast,0
1.56118504587035,442.94033955848,8,14.2426470588235,49,13.2445861989462,0.645283792637013,2.39542132044701,0.558414969159799,0.698529411764706,0.132352941176471,0.0367647058823529,0.132352941176471,0,podcast,0
3.13195120983031,1551.3442507558,10,56.1679104477612,168,53.4017945094339,0.320485617784079,1.8101162557574,0.543518546418778,0.567164179104478,0.0858208955223881,0.0373134328358209,0.298507462686567,0.0111940298507463,podcast,0
2.90785444235458,1428.42082552991,10,19.4698275862069,73,18.3018028122142,0.345384896059573,1.62535863333717,0.488922037467644,0.573275862068966,0.0905172413793104,0.00862068965517241,0.323275862068966,0.00431034482758621,podcast,0
1.60741544278235,547.950064272917,8,11.015873015873,31,8.3542443608634,0.627093639373779,2.42707199732601,0.602346805736636,0.674603174603175,0.119047619047619,0.00793650793650794,0.198412698412698,0,podcast,0
2.68315109030685,1128.04143754984,8,17.5075757575758,43,13.3940829383505,0.375541128275049,1.93206413455712,0.68238580052257,0.598484848484849,0.121212121212121,0.0151515151515152,0.265151515151515,0,podcast,0
2.75822317126262,1102.19305160365,8,17.2628205128205,58,15.963545080335,0.364891290664673,1.8195216280087,0.652619589977221,0.651612903225807,0.0967741935483871,0.0387096774193548,0.212903225806452,0,podcast,0
3.3877193300433,1420.40296070055,10,20.1142857142857,49,13.4940652109869,0.296880298647387,1.80921071723875,0.597391446561452,0.635838150289017,0.121387283236994,0.0289017341040462,0.213872832369942,0,podcast,0
2.45729653385479,938.397044058452,8,13.6220472440945,40,10.6371279157948,0.410181064454336,1.80611110688225,0.646054557825935,0.637795275590551,0.102362204724409,0.031496062992126,0.228346456692913,0,podcast,0
3.87453167636261,2386.95367086914,6,36.3489583333333,103,31.2264594494519,0.259446995420606,1.68385084727687,0.585928781576545,0.473958333333333,0.0729166666666667,0.03125,0.421875,0,podcast,0
2.03094236348765,784.897679779991,6,11.6060606060606,30,8.56946444329001,0.496140907738955,2.17477129649987,0.655055474967656,0.628787878787879,0.113636363636364,0.0227272727272727,0.234848484848485,0,podcast,0
5.37628500369895,4199.61960077795,6,82.5982404692082,223,72.8368996858621,0.186549108869889,1.33120018577379,0.550798143921192,0.363636363636364,0.0469208211143695,0.032258064516129,0.557184750733138,0,podcast,0
28.2509024408081,27344.1744318958,8,341.782908704883,812,235.270416544651,0.0354158975821002,0.546628967071965,0.272072549316382,0.223048327137546,0.0265533722782793,0.0414232607541158,0.708975039830058,0,podcast,0
3.23917922846469,1797.20209760151,8,23.3255813953488,76,20.3843543859438,0.31016279938065,1.77614362601572,0.513702017788732,0.534883720930233,0.0744186046511628,0.0232558139534884,0.362790697674419,0.00465116279069767,podcast,0
2.85435019321119,1269.74553727896,8,15.8085106382979,40,11.1443875730139,0.352215925002481,1.860909583986,0.60774114861714,0.639784946236559,0.0967741935483871,0.032258064516129,0.231182795698925,0,podcast,0
2.42437279142242,842.212414571715,8,12.3515151515152,34,8.96444563724404,0.414992927051172,2.07980003937329,0.59089323098395,0.678787878787879,0.103030303030303,0.0303030303030303,0.181818181818182,0.00606060606060606,podcast,0
1.93636031967554,692.264182223052,6,9.88888888888889,31,8.13694516039096,0.52056427192688,2.37902912525819,0.635639124450562,0.682539682539683,0.0873015873015873,0.0396825396825397,0.19047619047619,0,podcast,0
2.68944965764729,1173.80042657012,6,15.5593220338983,57,14.5899948534209,0.373935914852402,1.99471400690724,0.600846590982641,0.625,0.102272727272727,0.0284090909090909,0.244318181818182,0,podcast,0
3.2043580353015,1346.15081063016,8,14.4941176470588,42,10.4150609604403,0.313921587001643,1.75645259729975,0.57795762913592,0.660714285714286,0.113095238095238,0.0178571428571429,0.202380952380952,0.00595238095238095,podcast,0
2.83105366959737,1150.93934348107,10,24.0874316939891,67,19.9839554622568,0.355166175863245,1.92613210916309,0.569686949742597,0.629834254143646,0.12707182320442,0.0276243093922652,0.215469613259669,0,podcast,0
2.00929242177984,1244.28992988755,8,17.2047244094488,57,15.8806268260613,0.50163754016634,2.49391361832638,0.601014660444772,0.496062992125984,0.0551181102362205,0.031496062992126,0.417322834645669,0,podcast,0
2.05471409025268,770.10425648068,10,12.6981132075472,38,9.42214354023778,0.48976600622829,2.29061554617317,0.589465205644958,0.666666666666667,0.10062893081761,0.0125786163522013,0.213836477987421,0.00628930817610063,podcast,0
1.77990356627571,753.833342321182,6,14.7234042553192,48,13.9508287371611,0.565841249057225,2.50645585194919,0.650635497429543,0.697841726618705,0.079136690647482,0.0215827338129496,0.201438848920863,0,podcast,0
1.89708313706178,730.805800532643,8,9.72602739726028,32,7.72606382970133,0.530760372096095,2.37607552371669,0.647422790391693,0.680555555555556,0.138888888888889,0.0138888888888889,0.159722222222222,0.00694444444444444,podcast,0
2.04621303190577,666.66141907651,6,17.1273885350318,52,15.2844478280882,0.491840409926879,2.32594823735618,0.595785028640691,0.662420382165605,0.146496815286624,0.0254777070063694,0.165605095541401,0,podcast,0
1.94940030845985,820.000393327446,8,10.5562913907285,32,7.86865334422068,0.516398126284281,2.24572835119742,0.619582159107011,0.629139072847682,0.0993377483443709,0.0132450331125828,0.251655629139073,0.00662251655629139,podcast,0
2.49005618072197,986.988426998972,8,13.8231707317073,42,10.6798967609481,0.404061152159802,2.02733136178507,0.62322898238597,0.666666666666667,0.123456790123457,0.0308641975308642,0.17283950617284,0.00617283950617284,podcast,0
2.81851488926312,1184.36291269823,8,22.5067873303167,66,18.765912080008,0.35640949010849,1.85386594347661,0.587222449550966,0.631818181818182,0.113636363636364,0.0272727272727273,0.222727272727273,0.00454545454545455,podcast,0
1.1820149636853,373.131288862483,6,5.84782608695652,19,4.14921360440405,0.855309824367146,2.85064039054577,0.671510226568418,0.717391304347826,0.0978260869565217,0.0108695652173913,0.173913043478261,0,podcast,0
2.66094066797011,947.166329939005,8,13.7294685990338,33,8.54735324785983,0.377631256881269,1.83929465740582,0.59629217447952,0.661835748792271,0.1256038647343,0.0144927536231884,0.193236714975845,0.00483091787439614,podcast,0
2.29719531140167,815.386865332805,8,15.5340909090909,52,13.2338657030469,0.437800948279245,1.94343735725686,0.631156856781547,0.664772727272727,0.102272727272727,0.0340909090909091,0.198863636363636,0,podcast,0
7.98296169797672,39826.4349463298,14,96.5432432432432,263,84.8495299021539,0.125606268078977,1.14493982377398,0.0213326370168763,0.81549815498155,0.0590405904059041,0.022140221402214,0.103321033210332,0,music,psychedelic_rock
22.8172631926797,20580.3019867203,8,380.546147332769,930,297.174901153351,0.0438636066549915,0.666113421981537,0.12207841219207,0.279898218829517,0.0322307039864292,0.0339270568278202,0.653944020356234,0,music,psychedelic_rock
2.43805287100715,1205.38189399741,12,12.9561403508772,42,10.765759847921,0.413793141862987,2.55661236596132,0.672438877257727,0.566371681415929,0.106194690265487,0.0353982300884956,0.292035398230089,0,music,psychedelic_rock
3.26471129036533,1387.74331735959,8,27.8456375838926,77,25.21231318231,0.308375432684615,1.93007559461258,0.477279904004042,0.664429530201342,0.0469798657718121,0.0335570469798658,0.248322147651007,0.00671140939597315,music,psychedelic_rock
1.9460141678809,764.183201904124,8,13.5212765957447,38,9.62678966329727,0.519396366611604,3.08032724403125,0.684528485899277,0.67741935483871,0.0645161290322581,0.0645161290322581,0.193548387096774,0,music,psychedelic_rock
6.67557302673966,2723.93804354639,8,36.9865951742627,110,31.614676274912,0.150202562091171,1.17819569132989,0.442533229085223,0.602702702702703,0.167567567567568,0.027027027027027,0.162162162162162,0.0405405405405405,music,psychedelic_rock
1.92893152487918,689.003624400593,6,14.0925925925926,36,9.38925413855987,0.523266783384519,3.70670336175008,0.652487233325557,0.694444444444444,0.0740740740740741,0.0555555555555556,0.0833333333333333,0.0925925925925926,music,psychedelic_rock
2.86327081982646,971.488042471809,6,23.2672413793103,63,17.7833502907193,0.352287895783134,2.35140080004149,0.709029930382641,0.789473684210526,0.043859649122807,0.0175438596491228,0.0789473684210526,0.0701754385964912,music,psychedelic_rock
2.21360915461581,1029.64989241454,6,27.8290598290598,69,21.2997695097238,0.455645337187011,4.20401020627462,0.672448642093271,0.652173913043478,0.0608695652173913,0.0521739130434783,0.173913043478261,0.0608695652173913,music,psychedelic_rock
2.92195927896444,1075.14510957617,10,18.1317829457364,49,13.3087252634854,0.344909837469459,2.24848194020767,0.664222812118148,0.716535433070866,0.078740157480315,0.047244094488189,0.110236220472441,0.047244094488189,music,psychedelic_rock
2.57363143824974,1003.07285305784,8,16.375,37,10.6575970556219,0.393474455121197,2.65870841493855,0.702245028864657,0.6625,0.075,0.0375,0.225,0,music,psychedelic_rock
1.96769833728153,907.449496660547,8,16.0096153846154,46,12.4533708692031,0.513142039474932,4.0672316965776,0.643238397064343,0.576923076923077,0.0961538461538462,0.0480769230769231,0.269230769230769,0.00961538461538462,music,psychedelic_rock
1.8724747960398,772.801310507293,14,16.007874015748,41,10.639767967833,0.538291094795106,3.07167859761536,0.66324525422112,0.658730158730159,0.0555555555555556,0.0555555555555556,0.23015873015873,0,music,psychedelic_rock
1.83835180182516,769.365297521222,8,14.0819672131148,32,8.94297981286726,0.553031615416209,3.34011280456089,0.700262446629324,0.655737704918033,0.0655737704918033,0.0327868852459016,0.245901639344262,0,music,psychedelic_rock
1.78984012825224,723.717305417788,12,15.9915254237288,41,11.2615257438707,0.563484409935454,3.83587049705663,0.652484647789911,0.606837606837607,0.145299145299145,0.0427350427350427,0.205128205128205,0,music,psychedelic_rock
2.63590327615991,1071.25505418844,8,19.4363636363636,58,16.5455444553002,0.382857110522209,3.06415275204862,0.579912761436081,0.609090909090909,0.118181818181818,0.0545454545454545,0.218181818181818,0,music,psychedelic_rock
4.11476549959792,1643.4240133637,14,27.6194331983806,80,22.2381503469336,0.244015130570264,1.57775144998977,0.632370680479671,0.666666666666667,0.0691056910569106,0.0487804878048781,0.203252032520325,0.0121951219512195,music,psychedelic_rock
2.19367265444316,940.03507762582,12,14.5140845070423,36,9.12104509354561,0.459089553102534,2.4196063818025,0.621922760887428,0.626760563380282,0.0845070422535211,0.0422535211267606,0.23943661971831,0.00704225352112676,music,psychedelic_rock
1.42412679087798,551.773380040172,10,14.1170212765957,30,7.53976180979767,0.709735042305403,4.86988287750579,0.622048325096101,0.680851063829787,0.0531914893617021,0.0425531914893617,0.212765957446809,0.0106382978723404,music,psychedelic_rock
2.38264244431377,1011.06297532815,6,20.4880952380952,47,15.2803126118133,0.424758735909519,2.77517974713935,0.65998036190209,0.607142857142857,0.0833333333333333,0.0714285714285714,0.238095238095238,0,music,psychedelic_rock
3.74107380870435,1522.29373746784,8,20.3827160493827,54,15.8792262003487,0.268963199224531,2.19440822641286,0.669220266990291,0.635802469135803,0.0925925925925926,0.0432098765432099,0.203703703703704,0.0246913580246914,music,psychedelic_rock
1.7145674343478,616.123213042749,6,12.5,27,7.39845791278017,0.590811998813183,3.10316021752046,0.675122194869599,0.67948717948718,0.0897435897435897,0.0256410256410256,0.205128205128205,0,music,psychedelic_rock
2.26863826752711,923.57805664026,8,13.4271844660194,30,8.57021478104002,0.445114558818294,3.2614332472464,0.614208718878184,0.601941747572816,0.116504854368932,0.0485436893203884,0.223300970873786,0.00970873786407767,music,psychedelic_rock
1.24598879141442,522.035166923425,10,10.5616438356164,30,7.60494846356114,0.813722319073147,4.71524670941272,0.67922184077162,0.63013698630137,0.0821917808219178,0.0410958904109589,0.232876712328767,0.0136986301369863,music,psychedelic_rock
3.01007253614784,1293.69882236371,8,22.8319327731092,53,13.8572065574311,0.335033313702729,1.86541925654623,0.57853162576987,0.613445378151261,0.0756302521008403,0.0756302521008403,0.235294117647059,0,music,psychedelic_rock
26.4467549557321,22456.433518095,8,261.261445783133,649,218.800740803643,0.0378346142817722,0.495356111761941,0.152818975308914,0.303012048192771,0.0566265060240964,0.0325301204819277,0.605421686746988,0.00240963855421687,music,psychedelic_rock
1.56335106076833,497.162268718593,8,14.5,35,10.0770964240909,0.646529569420763,4.6681550704167,0.692135282507611,0.691489361702128,0.0957446808510638,0.0531914893617021,0.159574468085106,0,music,psychedelic_rock
2.47516800511969,905.785205791914,6,20.7755102040816,46,12.9295821327469,0.408178061554112,3.41729913464677,0.664026991606949,0.673469387755102,0.0918367346938776,0.0408163265306122,0.193877551020408,0,music,psychedelic_rock
2.32813608118097,965.723780563206,8,13.8333333333333,28,7.67330630364966,0.43354243875664,3.44666723449956,0.710640862519253,0.62962962962963,0.0833333333333333,0.0555555555555556,0.222222222222222,0.00925925925925926,music,psychedelic_rock
2.21823179183571,922.827497865634,6,25.3203883495146,60,16.0001296064126,0.455229216930913,4.01271373089682,0.666557759626605,0.666666666666667,0.0882352941176471,0.0196078431372549,0.186274509803922,0.0392156862745098,music,psychedelic_rock
2.06250730492801,827.391088324279,6,18.0105263157895,43,12.2005131357506,0.490004711962761,4.14972432709354,0.622093938598793,0.642105263157895,0.0631578947368421,0.0736842105263158,0.221052631578947,0,music,psychedelic_rock
1.75213283890802,895.793018485166,10,13.8534482758621,37,9.46340894176347,0.575695877489836,3.95400053826852,0.679526523454625,0.565217391304348,0.0782608695652174,0.0434782608695652,0.31304347826087,0,music,psychedelic_rock
1.89943003005677,962.850832344681,8,20.5542168674699,55,16.7635958215602,0.532894134521484,3.06914076651003,0.616485240290916,0.55421686746988,0.072289156626506,0.0602409638554217,0.313253012048193,0,music,psychedelic_rock
1.26740866370555,495.418524745557,8,6.2,18,4.45339502769823,0.803622815344069,3.10999886502182,0.790315828643193,0.672727272727273,0.0727272727272727,0.0181818181818182,0.236363636363636,0,music,psychedelic_rock
0.766154001338673,252.032064142494,6,10.7659574468085,29,8.66937079843413,1.33359498044719,6.00743722368773,0.630748334519113,0.723404255319149,0.0425531914893617,0.0638297872340426,0.170212765957447,0,music,psychedelic_rock
2.74619996385807,1192.44778430655,12,23.731884057971,60,15.6142539186422,0.366797495932475,3.34412491883609,0.654283902406462,0.62043795620438,0.072992700729927,0.0656934306569343,0.233576642335766,0.0072992700729927,music,psychedelic_rock
2.05632345862169,932.064473727116,10,17.5348837209302,41,11.6486326919141,0.492026048548081,3.15889465220671,0.718478232985301,0.593023255813954,0.0930232558139535,0.0348837209302326,0.27906976744186,0,music,psychedelic_rock
22.2476248275255,20430.5684866453,12,346.507284768212,920,265.199424424609,0.0449784054828844,1.03306020023439,0.111903896523475,0.259628154050465,0.0444887118193891,0.0378486055776892,0.656042496679947,0.00199203187250996,music,hiphop
2.96007497946615,1430.46056142202,8,31.7602339181287,96,28.6333108255782,0.339816511378569,1.91388629115457,0.443341884892783,0.56140350877193,0.087719298245614,0.064327485380117,0.286549707602339,0,music,hiphop
3.75522210215455,1541.31839442233,12,18.0333333333333,54,13.2953208143149,0.268083053947295,2.42352576498745,0.589276722919746,0.6,0.113333333333333,0.06,0.226666666666667,0,music,hiphop
3.73271872964775,1954.01672663989,8,55.1868131868132,118,35.8361387023905,0.269381363747528,2.68870398845706,0.405052795096249,0.554945054945055,0.0659340659340659,0.0494505494505495,0.32967032967033,0,music,hiphop
2.29426603161216,917.87028878998,8,19.5816326530612,52,14.4037434684832,0.440362741037742,3.17458907717186,0.70859795444691,0.663265306122449,0.0510204081632653,0.0612244897959184,0.224489795918367,0,music,hiphop
2.41622608515239,974.048884891433,8,24.7008547008547,61,17.3556389798155,0.41743638803219,2.61772963789084,0.656108213543654,0.658119658119658,0.0598290598290598,0.0512820512820513,0.230769230769231,0,music,hiphop
2.63845483179017,1050.39085565927,8,23.6083333333333,67,19.0088995970016,0.382194665299744,2.43052118710895,0.664957193393758,0.658333333333333,0.0583333333333333,0.0666666666666667,0.2,0.0166666666666667,music,hiphop
1.84390981945713,735.407742913326,10,17.2822580645161,44,11.3971986398689,0.546735025033718,3.73981778852617,0.663795369527854,0.645161290322581,0.0725806451612903,0.0564516129032258,0.217741935483871,0.00806451612903226,music,hiphop
2.83737842515742,1338.72895333871,8,33.9655172413793,83,25.0929070327284,0.355502686293229,2.90392447544261,0.641720414390382,0.594827586206897,0.0603448275862069,0.0603448275862069,0.28448275862069,0,music,hiphop
2.15432419760094,767.681459347329,8,17.2111111111111,41,11.0860216734052,0.469398225291391,3.65875768330562,0.683577063390602,0.688888888888889,0.0555555555555556,0.0777777777777778,0.177777777777778,0,music,hiphop
22.159976814809,17813.3739523658,8,213.23133640553,571,176.444628289248,0.0451680305259254,0.499955033683043,0.169050919476577,0.327188940092166,0.0672811059907834,0.0387096774193548,0.564976958525346,0.00184331797235023,music,hiphop
3.17550984207995,1520.21511170912,6,33.9862068965517,87,23.7887212356226,0.317096937033865,3.31465730608555,0.582516998962775,0.593103448275862,0.0689655172413793,0.0551724137931035,0.262068965517241,0.0206896551724138,music,hiphop
2.35151711483177,964.410410689447,6,14.5283018867925,32,8.88098195655401,0.429307447160993,3.41572101684471,0.633381639178341,0.650943396226415,0.0566037735849057,0.0660377358490566,0.216981132075472,0.00943396226415094,music,hiphop
2.00392888159438,925.249932586412,6,14.3589743589744,33,9.28601700238446,0.505500480726168,3.81873044852739,0.750680290997945,0.628205128205128,0.0384615384615385,0.0512820512820513,0.282051282051282,0,music,hiphop
0.933320245276878,348.971450419493,6,8.64516129032258,25,6.53303460139449,1.0890082453118,4.53321293324029,0.717755154861531,0.645161290322581,0.0967741935483871,0.0645161290322581,0.193548387096774,0,music,hiphop
2.59045378566462,999.93605202288,8,31.0483870967742,70,22.2764358498557,0.38917122817621,2.51498739763236,0.672537344615063,0.67479674796748,0.0650406504065041,0.0731707317073171,0.186991869918699,0,music,hiphop
3.11033835661645,1603.99272899061,10,47.6901408450704,113,34.5948752816773,0.323788631046917,3.12332454082574,0.624629586639173,0.560283687943262,0.0638297872340426,0.0638297872340426,0.312056737588653,0,music,hiphop
3.81127745026328,1748.54400172194,12,38.0459770114943,108,32.7094165660506,0.263895861675285,1.87650072612631,0.441048253745553,0.601156069364162,0.0867052023121387,0.046242774566474,0.265895953757225,0,music,hiphop
2.11858622503463,1001.63072221855,12,20.095652173913,53,13.8167975356045,0.47615335071296,3.54175572433984,0.669523634357182,0.56140350877193,0.105263157894737,0.0701754385964912,0.263157894736842,0,music,hiphop
2.80694714164989,1185.50802321683,12,23.8260869565217,50,13.4730880676775,0.358205705392556,2.95324679901683,0.638678711138563,0.620879120879121,0.115384615384615,0.0549450549450549,0.181318681318681,0.0274725274725275,music,hiphop
1.63104095505498,744.672136042289,8,19.85,48,13.3351977863097,0.620866217190706,3.65251166641189,0.680109514031485,0.594936708860759,0.113924050632911,0.0632911392405063,0.177215189873418,0.0506329113924051,music,hiphop
8.3579136759171,4061.24517323148,10,53.5828092243187,162,45.5441357351863,0.119898443462468,1.24196676762414,0.421680717225669,0.511530398322851,0.155136268343816,0.0377358490566038,0.29559748427673,0,music,hiphop
2.2783322378927,1161.33367585558,8,19.7364864864865,70,20.5539374430297,0.441903381931539,2.0261324437862,0.528181336161188,0.587837837837838,0.0405405405405405,0.0472972972972973,0.324324324324324,0,music,hiphop
3.47194428626559,1538.17782017413,10,29.0184049079755,77,21.0982139192993,0.289800975057814,2.91573025509899,0.616182457695184,0.582822085889571,0.098159509202454,0.0613496932515337,0.257668711656442,0,music,hiphop
2.79219130783786,1292.98561330309,12,13.808,41,10.204074480324,0.36102988835304,2.40789564153111,0.677026466726557,0.568,0.096,0.056,0.28,0,music,hiphop
2.25028928187497,1027.24760217894,10,23.3865546218487,63,19.7139669141123,0.448153303841413,3.68195614577377,0.64396296228117,0.588235294117647,0.0840336134453782,0.0504201680672269,0.277310924369748,0,music,hiphop
2.11123234222884,855.974245359386,8,16.3932584269663,48,13.8268733436488,0.479039476676421,2.23662070979677,0.691941026493737,0.629213483146067,0.0898876404494382,0.0561797752808989,0.224719101123596,0,music,hiphop
2.11172700387754,859.493798766316,8,12.3366336633663,33,8.83095055346131,0.478281519412994,2.28807346155654,0.733531186143816,0.663366336633663,0.0594059405940594,0.0396039603960396,0.237623762376238,0,music,hiphop
2.09832585461875,809.989045863586,10,13.3193277310924,34,9.27989855521672,0.480609136112666,2.35287861987529,0.604406130268199,0.663865546218487,0.0756302521008403,0.0504201680672269,0.201680672268908,0.00840336134453782,music,hiphop
2.76234299944835,1127.94964184398,10,27.1153846153846,66,18.9771662857416,0.364817815233571,3.22042088078974,0.668255373660117,0.646153846153846,0.0615384615384615,0.0538461538461539,0.238461538461538,0,music,hiphop
2.4501258718862,1289.88626615358,8,23.3047619047619,66,20.240046964713,0.412066741631581,2.57767596545954,0.668656608415645,0.542857142857143,0.0666666666666667,0.0666666666666667,0.323809523809524,0,music,hiphop
4.47286729133591,2566.22047462557,10,90.6785714285714,230,71.8696777492244,0.224298478726067,2.25608846527049,0.259092632520132,0.508196721311475,0.0983606557377049,0.059016393442623,0.331147540983607,0.00327868852459016,music,hiphop
5.67146946498788,3083.52156508414,8,37.5555555555556,100,29.277880421938,0.177358329997343,1.45893626617097,0.405158597842338,0.52046783625731,0.0818713450292398,0.0584795321637427,0.339181286549708,0,music,hiphop
1.47147104993111,551.378038421915,8,6.8030303030303,16,3.9666018468209,0.690047293442946,3.15266186663623,0.691520763414338,0.681818181818182,0.0606060606060606,0.0606060606060606,0.196969696969697,0,music,hiphop
2.75967974374893,1340.57462988287,12,24.6979865771812,55,15.263987840836,0.364809271451589,3.17024936420388,0.588546559823156,0.585034013605442,0.102040816326531,0.0476190476190476,0.231292517006803,0.0340136054421769,music,hiphop
1.63696861733043,658.938331640402,10,14.5535714285714,40,10.0185892271338,0.616388731174641,4.23034050610286,0.627938958388785,0.642857142857143,0.0714285714285714,0.0714285714285714,0.214285714285714,0,music,hiphop
1.64721471832078,612.44896651918,8,13.7058823529412,38,10.6909236154256,0.616146372325385,3.33484038520459,0.649171379978642,0.647058823529412,0.0882352941176471,0.0882352941176471,0.176470588235294,0,music,hiphop
2.8716374287494,1805.12576655605,8,35.8823529411765,90,28.3030349860514,0.351184507547799,2.68183505305163,0.36543500347575,0.504201680672269,0.0336134453781513,0.0252100840336134,0.436974789915966,0,music,hiphop
3.66693113541741,2301.04629941206,8,37.6025641025641,94,26.4348932883976,0.274467006806404,2.22463773912188,0.43061741511053,0.474025974025974,0.0909090909090909,0.0324675324675325,0.38961038961039,0.012987012987013,music,hiphop
2.09887604779178,874.181873905276,6,22.2159090909091,48,13.4717287002654,0.481921861911642,3.91441597446441,0.678926115900906,0.659090909090909,0.0454545454545455,0.0568181818181818,0.238636363636364,0,music,hiphop
3.0828433195627,1171.09809327016,10,22.2480620155039,53,14.4426323094913,0.326910061761737,2.61826277767882,0.596461513345849,0.643410852713178,0.0930232558139535,0.0775193798449612,0.178294573643411,0.00775193798449612,music,hiphop
40.6025893798378,36522.910865593,8,455.339410187668,1122,326.837484234891,0.0246421840569492,0.593889359255319,0.17258024520627,0.249597423510467,0.0687063875469673,0.0311325818572195,0.649490069779925,0.00107353730542136,music,hiphop
2.08026264604919,865.931937968477,10,17.0869565217391,48,13.325076208211,0.484925272171957,2.7842890918733,0.71967829538333,0.652173913043478,0.0521739130434783,0.0695652173913044,0.226086956521739,0,music,classical
2.79468055901492,1223.4408190273,14,21.2384105960265,63,17.2287717962206,0.360208133061727,2.64249676411132,0.609736173302675,0.6,0.0866666666666667,0.08,0.233333333333333,0,music,classical
2.79339872511411,1334.70393278678,8,24.1451612903226,66,18.7804348898369,0.360897308442651,2.22726649824508,0.699888603834729,0.588709677419355,0.0564516129032258,0.0725806451612903,0.282258064516129,0,music,classical
1.90724066663137,935.194730005881,8,23.4260869565217,70,21.8839074762077,0.528916957085593,2.38365144393174,0.731561120076611,0.619469026548673,0.0619469026548673,0.0884955752212389,0.20353982300885,0.0265486725663717,music,classical
2.46100253179384,909.848440607598,10,15.7522935779817,34,9.0281475878466,0.410100861831948,2.84149768124628,0.667303588267408,0.678899082568807,0.0642201834862385,0.073394495412844,0.174311926605505,0.00917431192660551,music,classical
1.90193331974683,855.890014236808,8,12.7368421052632,32,8.64773840384786,0.531374200861505,2.99444723299949,0.589904329723281,0.6,0.0842105263157895,0.0526315789473684,0.231578947368421,0.0315789473684211,music,classical
1.89901041118864,810.389128614671,10,15.5142857142857,40,11.0117809516849,0.531653422575731,3.49251052498565,0.63303427959293,0.60952380952381,0.0761904761904762,0.0666666666666667,0.247619047619048,0,music,classical
2.99377745171139,1336.68373627203,12,30.8101265822785,76,21.3245421986962,0.336153719835221,2.35171357436677,0.555418527181232,0.575949367088608,0.0949367088607595,0.0759493670886076,0.253164556962025,0,music,classical
1.51564583340216,596.174648836598,8,22.3265306122449,49,15.649069549314,0.666586649786566,4.62416415283397,0.738144650824946,0.653061224489796,0.0714285714285714,0.0612244897959184,0.214285714285714,0,music,classical
2.22529787599609,1113.99338879812,8,27.3333333333333,70,21.9177756373426,0.454108336097316,3.36150657493657,0.615235756793874,0.541666666666667,0.0729166666666667,0.104166666666667,0.28125,0,music,classical
2.10806365258872,881.018478477257,8,33.5051546391753,71,23.4802499641326,0.479310321311156,3.71124537583606,0.674239621105602,0.618556701030928,0.0927835051546392,0.0618556701030928,0.216494845360825,0.0103092783505155,music,classical
2.35251055653452,970.863010446748,8,17.974358974359,46,12.1158662229605,0.428742258713163,2.40616691228901,0.601076939007974,0.623931623931624,0.0769230769230769,0.102564102564103,0.162393162393162,0.0341880341880342,music,classical
2.09890114460042,1008.09980722153,10,12.8735632183908,31,8.81326664254918,0.481979777646619,3.2523543401048,0.653998947015747,0.563218390804598,0.0919540229885058,0.0574712643678161,0.275862068965517,0.0114942528735632,music,classical
1.70043714666657,783.328121389413,8,20.9302325581395,51,13.9282135431668,0.595002707313089,4.07429660423422,0.63980109548931,0.604651162790698,0.0697674418604651,0.0697674418604651,0.209302325581395,0.0465116279069767,music,classical
2.81394547689575,1141.59136250092,10,22.4532374100719,52,13.58968240749,0.357948078625444,3.16605564995757,0.639853877391782,0.63768115942029,0.101449275362319,0.0507246376811594,0.188405797101449,0.0217391304347826,music,classical
1.06233794065906,350.953298114913,8,10.359375,29,7.96940867375836,0.95626163482666,4.33601519540964,0.862034715981649,0.75,0.015625,0.0625,0.171875,0,music,classical
2.29381363358869,1010.9571303278,12,23.8300653594771,67,17.2208988590047,0.438823334480587,3.61581105786843,0.692623680151857,0.635761589403974,0.0529801324503311,0.0860927152317881,0.225165562913907,0,music,classical
2.18404794194936,912.477029746926,10,14.15625,36,9.64724499209489,0.462685042933414,2.76675072116464,0.660391941757256,0.645833333333333,0.0416666666666667,0.0833333333333333,0.229166666666667,0,music,classical
1.7280415400224,800.990027105827,10,21.4950495049505,50,13.9451711095553,0.584476690292358,3.9995577047541,0.644224196855776,0.6,0.06,0.09,0.25,0,music,classical
1.6298600204548,566.442432514276,6,11.3513513513514,28,7.79714506385655,0.621954411676485,3.43030934044917,0.664476242320554,0.716216216216216,0.0405405405405405,0.0810810810810811,0.162162162162162,0,music,classical
1.77503176493549,867.384933980714,8,16.5294117647059,43,11.5967421746689,0.57007698785691,4.70998809021819,0.705508474576271,0.571428571428571,0.0833333333333333,0.0714285714285714,0.273809523809524,0,music,classical
2.12140777539738,876.943624263429,12,21.0672268907563,56,14.8995127620053,0.475379881212267,3.4558360479458,0.624512115791186,0.630252100840336,0.0756302521008403,0.0672268907563025,0.218487394957983,0.00840336134453782,music,classical
0.932797466334082,403.682678516485,8,12.625,36,10.4992559260169,1.08906065093146,4.59351932660404,0.640683106473625,0.625,0.046875,0.09375,0.234375,0,music,classical
3.1822859549248,1342.10204123482,10,31.4625850340136,71,21.697133610757,0.316391842006004,2.62861379895958,0.591973675721014,0.612244897959184,0.0748299319727891,0.0884353741496599,0.224489795918367,0,music,classical
1.21014686667438,464.454367429629,8,7.10909090909091,18,4.54741775785586,0.841648684607612,4.05017992954754,0.876308683499929,0.672727272727273,0.0727272727272727,0.0363636363636364,0.2,0.0181818181818182,music,classical
1.94821575629193,813.704780877928,8,27.5555555555556,61,21.2793930868788,0.518527826484369,2.68875458136281,0.674744250163245,0.616161616161616,0.0909090909090909,0.0707070707070707,0.181818181818182,0.0404040404040404,music,classical
1.49544164467762,668.711655445007,10,9.94444444444445,28,7.21473971365582,0.67811707039954,4.10494312195208,0.677723940862219,0.597222222222222,0.0833333333333333,0.0555555555555556,0.25,0.0138888888888889,music,classical
1.63926556103144,695.601850004179,8,25.8,62,19.0882162603005,0.617751175844217,4.54583644983619,0.670545261731523,0.625,0.0875,0.05,0.2,0.0375,music,classical
1.33832878887247,566.484835689965,10,12.1222222222222,30,7.96914574785888,0.755596056413115,4.55205098340912,0.68064050400315,0.611111111111111,0.1,0.0333333333333333,0.244444444444444,0.0111111111111111,music,classical
2.30142876158565,928.166219547491,8,24.29,61,17.4644181122647,0.438901706175371,2.6996599973442,0.65422762211753,0.63,0.08,0.09,0.2,0,music,classical
2.6133580255984,1117.28741941466,8,27.4957983193277,66,20.0259805830393,0.385892237647105,3.16945412548273,0.632596902272191,0.621848739495798,0.0672268907563025,0.0840336134453782,0.201680672268908,0.0252100840336134,music,classical
1.64402887229126,821.244447939622,8,12.1518987341772,34,9.15006897337902,0.616060052162562,3.45036222363616,0.702050021539163,0.61038961038961,0.0779220779220779,0.051948051948052,0.233766233766234,0.025974025974026,music,classical
3.47833885827132,1568.22125951514,12,27.968152866242,75,21.9043724751651,0.289336461287278,3.04025743444572,0.598934787522604,0.608974358974359,0.0769230769230769,0.0641025641025641,0.230769230769231,0.0192307692307692,music,classical
2.17504974261884,1032.95287326711,8,31.13,77,24.2790671155216,0.464403636527784,2.99688743948302,0.66376787180729,0.59,0.08,0.05,0.24,0.04,music,classical
2.2479932415418,1027.39535564131,8,26.1666666666667,59,19.013883816248,0.448998589381993,3.67369487480903,0.623898377195648,0.583333333333333,0.0648148148148148,0.101851851851852,0.25,0,music,classical
2.55468867671682,1044.65477805412,10,29.0384615384615,82,23.5709198865849,0.39396252939778,3.28810906669133,0.67398222319763,0.651612903225807,0.0903225806451613,0.0516129032258065,0.180645161290323,0.0258064516129032,music,classical
1.97722341561912,960.689087054632,8,25.3511450381679,61,18.7367963338674,0.509650199229901,2.81826742019965,0.572128829536528,0.564885496183206,0.083969465648855,0.0305343511450382,0.320610687022901,0,podcast,0
2.32183252295778,1020.16108781672,8,13.4591836734694,29,8.27113047494785,0.435134432979466,2.63259357040636,0.708864581156088,0.591836734693878,0.122448979591837,0.0102040816326531,0.275510204081633,0,podcast,0
3.29712816231928,1803.7827300319,10,27.1201923076923,85,22.2973777339213,0.304759435607615,2.1867066893024,0.782805469628796,0.58128078817734,0.103448275862069,0.0197044334975369,0.187192118226601,0.108374384236453,podcast,0
2.36456284490127,1238.91724982226,8,17.3557692307692,48,13.1711501959854,0.427017086917914,3.26346603743001,0.429135086528051,0.557692307692308,0.0576923076923077,0.0384615384615385,0.346153846153846,0,podcast,0
3.00955890901972,1222.56191214361,8,20.5620437956204,59,16.4449363510268,0.334717801388572,1.96810126204398,0.622068891164897,0.627737226277372,0.0948905109489051,0.0364963503649635,0.218978102189781,0.0218978102189781,podcast,0
17.9333009846627,14083.3746504623,8,135.543744889616,429,121.84121474487,0.0558078142703067,0.605372856014955,0.239169094358246,0.344235486508585,0.0678659035159444,0.0351594439901881,0.552739165985282,0,podcast,0
3.03298404977572,1374.06449644637,8,21.6473988439306,64,15.9872585339238,0.331625203753627,3.43410294362509,0.491336633663366,0.601156069364162,0.092485549132948,0.0289017341040462,0.277456647398844,0,podcast,0
2.39886447793832,1092.49086054267,8,10.59,26,6.98010744902971,0.421074645687835,2.31517009915874,0.598963594045057,0.56,0.11,0.07,0.26,0,podcast,0
2.27794476235109,986.124543012639,8,9.26732673267327,26,6.34158222613801,0.443382129669189,3.29605942573737,0.595064382590399,0.613861386138614,0.0396039603960396,0.099009900990099,0.247524752475248,0,podcast,0
2.82352155742417,1276.26243440744,12,14.8804347826087,34,8.73566203073997,0.356102994230927,2.5312042877066,0.573187447396898,0.581521739130435,0.108695652173913,0.0434782608695652,0.25,0.016304347826087,podcast,0
19.900548301999,9622.07304487605,2,19.1428571428571,45,12.8592590850985,0.051060353555987,0.222288503345098,0.496963330159877,0.587301587301587,0.0158730158730159,0.142857142857143,0.253968253968254,0,podcast,0
3.12625982990141,1386.42471881353,8,14.9084967320261,46,11.846159564728,0.321975460177974,1.37750049001301,0.615987738018039,0.594771241830065,0.0980392156862745,0.0392156862745098,0.26797385620915,0,podcast,0
3.14683396603606,1322.77165762326,10,13.4214285714286,29,7.78007331689918,0.32006589971858,2.2297222788699,0.612890618362249,0.6,0.121428571428571,0.0285714285714286,0.242857142857143,0.00714285714285714,podcast,0
11.2440848806176,7823.37820651565,10,110.36303630363,349,108.081057865515,0.0890826512959378,0.943407045847558,0.200371880343705,0.417910447761194,0.0812603648424544,0.0348258706467662,0.459369817578773,0.0066334991708126,podcast,0
2.61133076590209,1512.83095704595,8,32.774011299435,88,22.7986718381092,0.385122341188517,2.73012490678634,0.396247391312828,0.508474576271186,0.0734463276836158,0.0395480225988701,0.378531073446328,0,podcast,0
1.95062685576626,920.424484359131,10,10.5739130434783,28,6.77599454540771,0.517152692142286,3.34227762927623,0.624871001031992,0.582608695652174,0.0956521739130435,0.0347826086956522,0.278260869565217,0.00869565217391304,podcast,0
2.74083996760245,1261.92052577338,8,14.7844827586207,37,9.44841350893946,0.368024278723675,2.40295257672284,0.55231426003595,0.560344827586207,0.0862068965517241,0.0948275862068966,0.258620689655172,0,podcast,0
2.63685385963034,1118.11296573138,8,13.9230769230769,38,10.1204078113882,0.383453602261013,2.65288173514128,0.60530748697748,0.604395604395604,0.0659340659340659,0.0879120879120879,0.241758241758242,0,podcast,0
2.35495219039095,1106.05643894353,8,17.6902654867257,38,10.1694315901908,0.428428473217147,3.49830607047491,0.587511540708081,0.601769911504425,0.0353982300884956,0.0973451327433628,0.265486725663717,0,podcast,0
3.39680770404364,1624.72089748568,8,16.8301886792453,54,13.8977431529106,0.29625731027579,1.54772966047548,0.627710352263613,0.588607594936709,0.0632911392405063,0.0949367088607595,0.253164556962025,0,podcast,0
2.01770533397269,964.92171903303,8,15.9772727272727,45,11.138566572466,0.499395809100784,3.6306863055644,0.622342616354592,0.572519083969466,0.0687022900763359,0.0916030534351145,0.267175572519084,0,podcast,0
1.5605431679976,827.508977988825,6,12.1904761904762,29,7.21738892868091,0.651138048018179,4.48851294197217,0.63232256712665,0.571428571428571,0.0158730158730159,0.0952380952380952,0.317460317460317,0,podcast,0
1.51970903268382,719.487245161247,6,13.85,37,11.4761709642197,0.666350074961216,3.0807381217247,0.713108910891089,0.5875,0.0625,0.075,0.275,0,podcast,0
2.21234607040622,878.782334749186,8,11.2608695652174,28,7.42479624258177,0.456975978809399,2.8175671472315,0.660108362521891,0.652173913043478,0.0652173913043478,0.0760869565217391,0.206521739130435,0,podcast,0
2.39177402134668,1181.48992433125,6,11.8834951456311,29,7.525104870893,0.422198716331931,2.09785998005114,0.594103773584906,0.572815533980583,0.0485436893203884,0.0970873786407767,0.281553398058252,0,podcast,0
1.85222269940887,817.636472084935,8,12.6588235294118,38,10.4595050396632,0.546319166819255,2.6846698735003,0.65215073823357,0.588235294117647,0.0705882352941177,0.105882352941176,0.235294117647059,0,podcast,0
2.07857483637961,924.248198971606,8,12.8928571428571,35,8.58849986505052,0.486895239496806,3.5181632737174,0.665336938770046,0.595238095238095,0.0595238095238095,0.0952380952380952,0.25,0,podcast,0
2.9648558771914,1443.51662747543,10,24.3856209150327,61,15.2945477845775,0.339503500022386,3.14399177303681,0.622254738763894,0.576158940397351,0.0860927152317881,0.0794701986754967,0.23841059602649,0.0198675496688742,podcast,0
2.11854716329482,1026.19576123227,10,14.1344537815126,36,9.8244459032908,0.476021772724087,3.79124092961861,0.605999097880018,0.576271186440678,0.0932203389830509,0.0593220338983051,0.245762711864407,0.0254237288135593,podcast,0
4.58445176784733,2036.08812708781,8,11.9677419354839,38,9.48653525383966,0.219138444573791,1.04066601000798,0.567921474225948,0.603686635944701,0.0737327188940092,0.0783410138248848,0.244239631336406,0,podcast,0
2.33579703639479,1087.47040233228,8,13.7014925373134,44,11.0332129870273,0.43133833175315,2.90196876076637,0.603564902381945,0.559701492537313,0.149253731343284,0.0149253731343284,0.246268656716418,0.0298507462686567,podcast,0
2.88508213531716,1477.71074988481,12,23.7239263803681,57,15.8494792326278,0.348750154177348,2.96024587781851,0.648927377915125,0.591194968553459,0.10062893081761,0.0314465408805031,0.238993710691824,0.0377358490566038,podcast,0
